slug,status,ts
mitsui-bussan,"例外:Expecting ',' delimiter: line 173 column 6 (char 5017)",2026-06-23 15:16
mitsui-bussan,例外:anthropic失敗,2026-06-23 15:16
mitsui-bussan,例外:anthropic失敗,2026-06-23 15:18
mitsui-bussan,lint error 4→登録ブロック,2026-06-23 15:23
mitsui-bussan,lint error 5→登録ブロック,2026-06-23 15:30
mitsui-bussan,registered,2026-06-23 15:37
mitsubishi-corp,lint error 6→登録ブロック,2026-06-23 15:48
sumitomo-corp,registered,2026-06-23 15:52
marubeni,registered,2026-06-23 15:56
toyota-tsusho,registered,2026-06-23 16:00
sojitz,registered,2026-06-23 16:04
kanematsu,registered,2026-06-23 16:09
iwatani,registered,2026-06-23 16:13
shinkokusyoji,registered,2026-06-23 16:17
toyota-motor,registered,2026-06-23 16:22
honda,skip(factpack抽出失敗),2026-06-23 16:23
nissan,registered,2026-06-23 16:28
suzuki,lint error 1→登録ブロック,2026-06-23 16:33
subaru,skip(factpack抽出失敗),2026-06-23 16:34
mazda,registered,2026-06-23 16:38
mitsubishi-motors,registered,2026-06-23 16:44
isuzu,registered,2026-06-23 16:48
aisin,skip(factpack抽出失敗),2026-06-23 16:48
denso,registered,2026-06-23 16:52
toyota-shokki,registered,2026-06-23 16:57
sony-group,registered,2026-06-23 17:01
mitsubishi-corp,例外:anthropic失敗,2026-06-23 22:42
honda,例外:anthropic失敗,2026-06-23 23:55
suzuki,例外:anthropic失敗,2026-06-24 00:11
subaru,例外:anthropic失敗,2026-06-24 00:12
aisin,例外:anthropic失敗,2026-06-24 00:12
hitachi,例外:anthropic失敗,2026-06-24 00:28
panasonic-hd,例外:anthropic失敗,2026-06-24 01:01
mitsubishi-electric,例外:anthropic失敗,2026-06-24 01:36
keyence,例外:anthropic失敗,2026-06-24 02:11
murata,例外:anthropic失敗,2026-06-24 02:46
shinetsu-chemical,例外:anthropic失敗,2026-06-24 03:36
tokyo-electron,例外:anthropic失敗,2026-06-24 04:10
canon,例外:anthropic失敗,2026-06-24 04:41
fujifilm-hd,例外:anthropic失敗,2026-06-24 05:16
kyocera,例外:anthropic失敗,2026-06-24 05:50
mitsubishi-heavy,例外:anthropic失敗,2026-06-24 06:21
daikin,例外:anthropic失敗,2026-06-24 06:54
komatsu,例外:anthropic失敗,2026-06-24 07:42
fanuc,例外:anthropic失敗,2026-06-24 08:17
nidec,例外:anthropic失敗,2026-06-24 08:50
tdk,例外:anthropic失敗,2026-06-24 09:24
omron,例外:anthropic失敗,2026-06-24 09:57
advantest,例外:anthropic失敗,2026-06-24 10:32
renesas,例外:anthropic失敗,2026-06-24 11:04
bridgestone,例外:anthropic失敗,2026-06-24 11:18
kawasaki-heavy,例外:anthropic失敗,2026-06-24 11:18
ihi,例外:anthropic失敗,2026-06-24 11:19
kubota,例外:anthropic失敗,2026-06-24 11:19
yaskawa,例外:anthropic失敗,2026-06-24 11:19
shimadzu,registered,2026-06-24 09:23
hoya,registered,2026-06-24 09:28
nikon,registered,2026-06-24 09:33
seiko-epson,registered,2026-06-24 09:37
ricoh,skip(factpack抽出失敗),2026-06-24 09:38
nippon-steel,registered,2026-06-24 09:42
jfe-hd,lint error 6→登録ブロック,2026-06-24 09:47
kobe-steel,registered,2026-06-24 09:52
sumitomo-electric,skip(factpack抽出失敗),2026-06-24 09:52
sumitomo-metal-mining,lint error 6→登録ブロック,2026-06-24 09:57
mitsubishi-materials,registered,2026-06-24 10:01
mitsubishi-chemical,lint error 1→登録ブロック,2026-06-24 10:06
sumitomo-chemical,registered,2026-06-24 10:10
asahi-kasei,skip(factpack抽出失敗),2026-06-24 10:11
toray,lint error 6→登録ブロック,2026-06-24 10:16
mitsui-chemical,registered,2026-06-24 10:20
agc,skip(factpack抽出失敗),2026-06-24 10:21
takeda,registered,2026-06-24 10:25
astellas,lint error 6→登録ブロック,2026-06-24 10:29
daiichi-sankyo,registered,2026-06-24 10:34
chugai,registered,2026-06-24 10:39
otsuka-hd,skip(factpack抽出失敗),2026-06-24 10:40
daiichi-life,registered,2026-06-24 10:44 (D1-seed)
daiwa,registered,2026-06-24 10:44 (D1-seed)
eisai,registered,2026-06-24 10:44 (D1-seed)
mizuho-fg,registered,2026-06-24 10:44 (D1-seed)
mizuho-sec,registered,2026-06-24 10:44 (D1-seed)
mufg,registered,2026-06-24 10:44 (D1-seed)
mufg-ms,registered,2026-06-24 10:44 (D1-seed)
nippon-life,registered,2026-06-24 10:44 (D1-seed)
resona,registered,2026-06-24 10:44 (D1-seed)
sbi-sec,registered,2026-06-24 10:44 (D1-seed)
shionogi,registered,2026-06-24 10:44 (D1-seed)
smbc-nikko,registered,2026-06-24 10:44 (D1-seed)
smtb,registered,2026-06-24 10:44 (D1-seed)
yucho,registered,2026-06-24 10:44 (D1-seed)
mitsubishi-corp,lint error 6→登録ブロック,2026-06-24 10:49
honda,skip(factpack抽出失敗),2026-06-24 10:50
suzuki,registered,2026-06-24 10:55
subaru,registered,2026-06-24 11:00
aisin,skip(factpack抽出失敗),2026-06-24 11:00
hitachi,registered,2026-06-24 11:05
panasonic-hd,registered,2026-06-24 11:10
mitsubishi-electric,registered,2026-06-24 11:15
keyence,registered,2026-06-24 11:20
murata,skip(factpack抽出失敗),2026-06-24 11:21
shinetsu-chemical,lint error 1→登録ブロック,2026-06-24 11:25
tokyo-electron,lint error 6→登録ブロック,2026-06-24 11:29
canon,registered,2026-06-24 11:34
fujifilm-hd,registered,2026-06-24 11:39
kyocera,registered,2026-06-24 11:43
mitsubishi-heavy,registered,2026-06-24 11:48
mitsubishi-corp,lint error 6→登録ブロック,2026-06-24 11:57
honda,skip(factpack抽出失敗),2026-06-24 11:58
aisin,skip(factpack抽出失敗),2026-06-24 11:58
murata,skip(factpack抽出失敗),2026-06-24 11:59
shinetsu-chemical,registered,2026-06-24 12:03
kao,skip(factpack抽出失敗),2026-06-24 12:15
mitsubishi-corp,lint error 6→登録ブロック,2026-06-24 12:21
honda,skip(factpack抽出失敗),2026-06-24 12:22
aisin,skip(factpack抽出失敗),2026-06-24 12:23
murata,skip(factpack抽出失敗),2026-06-24 12:23
tokyo-electron,lint error 6→登録ブロック,2026-06-24 12:28
daikin,registered,2026-06-24 12:33
komatsu,registered,2026-06-24 12:38
fanuc,registered,2026-06-24 12:42
nidec,registered,2026-06-24 12:47
tdk,registered,2026-06-24 12:52
omron,registered,2026-06-24 12:56
advantest,registered,2026-06-24 13:01
renesas,skip(factpack抽出失敗),2026-06-24 13:02
bridgestone,registered,2026-06-24 13:06
kawasaki-heavy,skip(factpack抽出失敗),2026-06-24 13:07
ihi,registered,2026-06-24 13:11
kubota,registered,2026-06-24 13:16
yaskawa,registered,2026-06-24 13:20
ricoh,skip(factpack抽出失敗),2026-06-24 13:21
jfe-hd,lint error 6→登録ブロック,2026-06-24 13:26
sumitomo-electric,skip(factpack抽出失敗),2026-06-24 13:26
sumitomo-metal-mining,lint error 6→登録ブロック,2026-06-24 13:31
mitsubishi-chemical,registered,2026-06-24 13:35
asahi-kasei,skip(factpack抽出失敗),2026-06-24 13:36
toray,registered,2026-06-24 13:41
agc,registered,2026-06-24 13:45
astellas,lint error 6→登録ブロック,2026-06-24 13:49
otsuka-hd,registered,2026-06-24 13:54
smbc-bank,skip(factpack抽出失敗),2026-06-24 13:55
tokio-marine,skip(factpack抽出失敗),2026-06-24 13:56
nomura,lint error 6→登録ブロック,2026-06-24 13:59
meiji-yasuda,registered,2026-06-24 14:04
sumitomo-life,registered,2026-06-24 14:09
ms-ad,registered,2026-06-24 14:13
sompo,registered,2026-06-24 14:18
aioi-nissay,registered,2026-06-24 14:22
kampo,registered,2026-06-24 14:27
taiyo-life,registered,2026-06-24 14:31
mufg-trust,registered,2026-06-24 14:35
orix,registered,2026-06-24 14:40
mitsubishi-hc,registered,2026-06-24 14:45
tokyo-century,lint error 1→登録ブロック,2026-06-24 14:49
credit-saison,registered,2026-06-24 14:53
orico,registered,2026-06-24 14:58
acom,registered,2026-06-24 15:03
hamagin,registered,2026-06-24 15:07
chibagin,registered,2026-06-24 15:12
shizuokagin,registered,2026-06-24 15:17
sumishin-sbi-net,registered,2026-06-24 15:22
rakuten-bank,registered,2026-06-24 15:26
paypay-bank,registered,2026-06-24 15:31
jpx,registered,2026-06-24 15:35
dbj,registered,2026-06-24 15:39
jbic,registered,2026-06-24 15:44
shoko-chukin,registered,2026-06-24 15:48
norinchukin,registered,2026-06-24 15:53
ntt,registered,2026-06-24 15:58
ntt-data,registered,2026-06-24 16:03
ntt-docomo,registered,2026-06-24 16:07
kddi,registered,2026-06-24 16:11
softbank,registered,2026-06-24 16:16
rakuten-group,registered,2026-06-24 16:20
fujitsu,registered,2026-06-24 16:25
nec,registered,2026-06-24 16:30
otsuka-shokai,registered,2026-06-24 16:35
tis,registered,2026-06-24 16:39
scsk,registered,2026-06-24 16:43
ctc,registered,2026-06-24 16:48
ns-solutions,registered,2026-06-24 16:52
mitsubishi-corp,lint error 6→登録ブロック,2026-06-24 17:46
honda,skip(factpack抽出失敗),2026-06-24 17:46
aisin,skip(factpack抽出失敗),2026-06-24 17:47
murata,skip(factpack抽出失敗),2026-06-24 17:48
mitsubishi-corp,lint error 6→登録ブロック,2026-06-24 18:07
honda,registered,2026-06-24 18:12
aisin,registered,2026-06-24 18:16
honda,registered,2026-06-24 18:16
mitsubishi-corp,lint error 6→登録ブロック,2026-06-24 18:22
murata,lint error 6→登録ブロック,2026-06-24 18:27
tokyo-electron,registered,2026-06-24 18:31
renesas,registered,2026-06-24 18:35
kawasaki-heavy,registered,2026-06-24 18:40
ricoh,registered,2026-06-24 18:44
jfe-hd,lint error 6→登録ブロック,2026-06-24 18:49
sumitomo-electric,registered,2026-06-24 18:54
sumitomo-metal-mining,lint error 6→登録ブロック,2026-06-24 18:59
asahi-kasei,registered,2026-06-24 19:07
astellas,lint error 6→登録ブロック,2026-06-24 19:11
smbc-bank,registered,2026-06-24 19:16
tokio-marine,registered,2026-06-24 19:20
nomura,lint error 6→登録ブロック,2026-06-24 19:24
tokyo-century,registered,2026-06-24 19:28
biprogy,lint error 1→登録ブロック,2026-06-24 19:32
sky,registered,2026-06-24 19:37
shift,registered,2026-06-24 19:41
recruit-hd,registered,2026-06-24 19:45
cyberagent,registered,2026-06-24 19:50
dena,registered,2026-06-24 19:54
gree,registered,2026-06-24 19:58
mixi,registered,2026-06-24 20:03
mercari,registered,2026-06-24 20:07
line-yahoo,registered,2026-06-24 20:12
gmo,registered,2026-06-24 20:16
sansan,registered,2026-06-24 20:21
freee,registered,2026-06-24 20:25
moneyforward,registered,2026-06-24 20:29
rakus,registered,2026-06-24 20:34
visional,registered,2026-06-24 20:39
smarthr,registered,2026-06-24 20:44
layerx,registered,2026-06-24 20:48
kaonavi,registered,2026-06-24 20:53
kubell,registered,2026-06-24 20:57
uzabase,registered,2026-06-24 21:01
plaid,registered,2026-06-24 21:06
pref-networks,registered,2026-06-24 21:11
sakana-ai,registered,2026-06-24 21:15
pksha,lint error 6→登録ブロック,2026-06-24 21:20
appier,registered,2026-06-24 21:24
brainpad,registered,2026-06-24 21:28
fronteo,registered,2026-06-24 21:32
abeja,registered,2026-06-24 21:37
elyza,registered,2026-06-24 21:41
turing,registered,2026-06-24 21:45
nintendo,registered,2026-06-24 21:50
bandai-namco,registered,2026-06-24 21:54
capcom,registered,2026-06-24 21:59
square-enix,registered,2026-06-24 22:03
konami,registered,2026-06-24 22:08
sega-sammy,registered,2026-06-24 22:13
mckinsey,registered,2026-06-24 22:17
bcg,lint error 6→登録ブロック,2026-06-24 22:22
bain,lint error 6→登録ブロック,2026-06-24 22:26
accenture,registered,2026-06-24 22:31
deloitte,registered,2026-06-24 22:36
pwc,registered,2026-06-24 22:41
ey,lint error 6→登録ブロック,2026-06-24 22:45
kpmg,registered,2026-06-24 22:49
abeam,registered,2026-06-24 22:54
baycurrent,registered,2026-06-24 22:58
adl,registered,2026-06-24 23:03
roland-berger,registered,2026-06-24 23:07
strategy-and,registered,2026-06-24 23:11
ibm-consulting,lint error 1→登録ブロック,2026-06-24 23:17
nri,registered,2026-06-24 23:22
mri,registered,2026-06-24 23:26
jri,registered,2026-06-24 23:31
murc,registered,2026-06-24 23:36
dream-incubator,registered,2026-06-24 23:41
cdi,registered,2026-06-24 23:45
medipal,registered,2026-06-24 23:51
alfresa,registered,2026-06-24 23:55
suzuken,registered,2026-06-24 23:59
toho-hd,registered,2026-06-25 00:04
mitsubishi-shokuhin,registered,2026-06-25 00:09
kokubu,registered,2026-06-25 00:13
kato-sangyo,registered,2026-06-25 00:16
itochu-shokuhin,registered,2026-06-25 00:21
metal-one,registered,2026-06-25 00:25
hanwa,registered,2026-06-25 00:29
jfe-shoji,registered,2026-06-25 00:34
macnica-hd,registered,2026-06-25 00:39
kaga-electronics,registered,2026-06-25 00:44
lester-hd,registered,2026-06-25 00:48
nagase,registered,2026-06-25 00:52
inabata,registered,2026-06-25 00:56
chori,registered,2026-06-25 01:00
inaba-denki,registered,2026-06-25 01:04
seika-sangyo,registered,2026-06-25 01:09
daiichi-jitsugyo,registered,2026-06-25 01:13
tepco,registered,2026-06-25 01:18
kepco,registered,2026-06-25 01:22
chubu-electric,registered,2026-06-25 01:26
kyushu-electric,registered,2026-06-25 01:30
tohoku-electric,registered,2026-06-25 01:35
chugoku-electric,registered,2026-06-25 01:39
shikoku-electric,registered,2026-06-25 01:43
hokkaido-electric,registered,2026-06-25 01:47
hokuriku-electric,registered,2026-06-25 01:51
okinawa-electric,registered,2026-06-25 01:56
j-power,registered,2026-06-25 02:00
jera,registered,2026-06-25 02:05
tokyo-gas,registered,2026-06-25 02:10
osaka-gas,registered,2026-06-25 02:14
toho-gas,registered,2026-06-25 02:18
saibu-gas,registered,2026-06-25 02:22
eneos,registered,2026-06-25 02:26
idemitsu,registered,2026-06-25 02:31
cosmo-energy,registered,2026-06-25 02:35
inpex,registered,2026-06-25 02:39
japex,registered,2026-06-25 02:44
jgc-hd,registered,2026-06-25 02:49
chiyoda,registered,2026-06-25 02:55
renova,registered,2026-06-25 02:59
erex,registered,2026-06-25 03:04
west-hd,registered,2026-06-25 03:08
kurita,registered,2026-06-25 03:12
metawater,registered,2026-06-25 03:19
shizuoka-gas,D1失敗:⚠️  Warning: Unsupported macOS version detected (13.3.0). The Cloudflare Workers runtime may not work correctly on macOS versions below 13.5.0. Consid,2026-06-25 03:23
hokkaido-gas,registered,2026-06-25 03:27
mitsui-fudosan,registered,2026-06-25 03:32
mitsubishi-estate,registered,2026-06-25 03:36
sumitomo-fudosan,registered,2026-06-25 03:40
nomura-fudosan-hd,registered,2026-06-25 03:45
tokyu-fudosan-hd,registered,2026-06-25 03:49
mori-building,registered,2026-06-25 03:54
hulic,registered,2026-06-25 03:58
tokyo-tatemono,registered,2026-06-25 04:02
daiwa-house,registered,2026-06-25 04:06
sekisui-house,registered,2026-06-25 04:11
sumitomo-forestry,registered,2026-06-25 04:15
iida-group-hd,registered,2026-06-25 04:20
open-house-group,registered,2026-06-25 04:24
daito-kentaku,registered,2026-06-25 04:29
kajima,registered,2026-06-25 04:33
obayashi,registered,2026-06-25 04:37
shimizu,registered,2026-06-25 04:41
taisei,registered,2026-06-25 04:45
takenaka,registered,2026-06-25 04:50
haseko,registered,2026-06-25 04:54
toda,registered,2026-06-25 04:58
infroneer-hd,registered,2026-06-25 05:03
penta-ocean,registered,2026-06-25 05:07
kumagai-gumi,registered,2026-06-25 05:12
nishimatsu,registered,2026-06-25 05:16
ando-hazama,registered,2026-06-25 05:21
kinden,registered,2026-06-25 05:27
kandenko,registered,2026-06-25 05:32
takasago-thermal,registered,2026-06-25 05:36
taiki-sha,registered,2026-06-25 05:41
seven-and-i,registered,2026-06-25 05:45
aeon,registered,2026-06-25 05:50
fast-retailing,registered,2026-06-25 05:54
nitori-hd,registered,2026-06-25 05:59
ppih,registered,2026-06-25 06:03
ryohin-keikaku,registered,2026-06-25 06:08
lawson,registered,2026-06-25 06:15
familymart,registered,2026-06-25 06:19
isetan-mitsukoshi,registered,2026-06-25 06:24
j-front,registered,2026-06-25 06:28
takashimaya,registered,2026-06-25 06:33
h2o-retailing,registered,2026-06-25 06:37
life-corp,registered,2026-06-25 06:41
yaoko,registered,2026-06-25 06:46
shimamura,registered,2026-06-25 06:50
adastria,registered,2026-06-25 06:55
workman,registered,2026-06-25 06:59
yamada-hd,registered,2026-06-25 07:03
biccamera,registered,2026-06-25 07:08
yodobashi,registered,2026-06-25 07:12
welcia-hd,registered,2026-06-25 07:16
tsuruha-hd,registered,2026-06-25 07:20
matsukiyococokara,registered,2026-06-25 07:24
cosmos-pharma,registered,2026-06-25 07:28
sugi-hd,registered,2026-06-25 07:35
cainz,registered,2026-06-25 07:39
dcm-hd,registered,2026-06-25 07:43
komeri,registered,2026-06-25 07:48
zozo,registered,2026-06-25 07:53
sundrug,registered,2026-06-25 07:57
suntory,registered,2026-06-25 08:02
asahi-group,registered,2026-06-25 08:08
kirin-hd,registered,2026-06-25 08:15
ajinomoto,registered,2026-06-25 08:19
meiji-hd,registered,2026-06-25 08:24
nipponham,registered,2026-06-25 08:28
yamazaki-pan,registered,2026-06-25 08:32
nissin-hd,registered,2026-06-25 08:36
kikkoman,registered,2026-06-25 08:43
kagome,registered,2026-06-25 08:48
ezaki-glico,registered,2026-06-25 08:52
morinaga-seika,registered,2026-06-25 08:58
morinaga-milk,registered,2026-06-25 09:03
yukijirushi-megmilk,registered,2026-06-25 09:07
house-foods,registered,2026-06-25 09:16
itoen,registered,2026-06-25 09:20
nichirei,registered,2026-06-25 09:24
calbee,registered,2026-06-25 09:28
yakult,registered,2026-06-25 09:32
sapporo-hd,registered,2026-06-25 09:37
kewpie,registered,2026-06-25 09:42
fuji-oil-hd,registered,2026-06-25 09:46
lotte,registered,2026-06-25 09:50
kao,lint error 6→登録ブロック,2026-06-25 10:00
shiseido,registered,2026-06-25 10:04
kose,registered,2026-06-25 10:09
unicharm,registered,2026-06-25 10:13
lion,registered,2026-06-25 10:18
pola-orbis-hd,registered,2026-06-25 10:22
kobayashi-pharma,registered,2026-06-25 10:26
jr-east,registered,2026-06-25 10:33
jr-central,registered,2026-06-25 10:37
jr-west,registered,2026-06-25 10:42
ana-hd,registered,2026-06-25 10:46
jal,registered,2026-06-25 10:51
nyk,registered,2026-06-25 10:55
mol,registered,2026-06-25 11:00
k-line,registered,2026-06-25 11:07
nippon-express-hd,registered,2026-06-25 11:11
yamato-hd,registered,2026-06-25 11:15
sg-hd,registered,2026-06-25 11:20
seino-hd,registered,2026-06-25 11:24
kintetsu-group-hd,registered,2026-06-25 11:29
hankyu-hanshin-hd,registered,2026-06-25 11:33
tokyu,registered,2026-06-25 11:38
odakyu,registered,2026-06-25 11:42
tobu,registered,2026-06-25 11:46
seibu-hd,registered,2026-06-25 11:51
meitetsu,registered,2026-06-25 11:55
mitsubishi-corp,registered,2026-06-25 21:08
murata,registered,2026-06-25 21:14
jfe-hd,lint error 6→登録ブロック,2026-06-25 21:19
sumitomo-metal-mining,lint error 6→登録ブロック,2026-06-25 21:23
astellas,lint error 6→登録ブロック,2026-06-25 21:28
nomura,lint error 6→登録ブロック,2026-06-25 21:32
biprogy,registered,2026-06-25 21:36
pksha,registered,2026-06-25 21:40
bcg,registered,2026-06-25 21:45
bain,lint error 6→登録ブロック,2026-06-25 21:49
ey,lint error 6→登録ブロック,2026-06-25 21:54
ibm-consulting,registered,2026-06-25 21:58
shizuoka-gas,registered,2026-06-25 22:03
kao,lint error 6→登録ブロック,2026-06-25 22:07
keikyu,registered,2026-06-25 22:11
dentsu,lint error 6→登録ブロック,2026-06-25 22:15
hakuhodo-dy,registered,2026-06-25 22:19
adk-hd,registered,2026-06-25 22:24
ntv-hd,registered,2026-06-25 22:28
tbs-hd,registered,2026-06-25 22:33
fuji-media-hd,registered,2026-06-25 22:38
tv-asahi-hd,registered,2026-06-25 22:42
tv-tokyo-hd,registered,2026-06-25 22:47
skyperfectjsat-hd,registered,2026-06-25 22:52
wowow,registered,2026-06-25 22:55
kadokawa,registered,2026-06-25 23:00
shueisha,registered,2026-06-25 23:05
kodansha,lint error 6→登録ブロック,2026-06-25 23:09
shogakukan,registered,2026-06-25 23:14
bungeishunju,registered,2026-06-25 23:18
avex,registered,2026-06-25 23:22
amuse,registered,2026-06-25 23:27
yoshimoto-hd,registered,2026-06-25 23:31
oriental-land,registered,2026-06-25 23:35
usj,registered,2026-06-25 23:39
sanrio,registered,2026-06-25 23:44
round-one,registered,2026-06-25 23:48
toho,registered,2026-06-25 23:52
toei,registered,2026-06-25 23:57
shochiku,registered,2026-06-26 00:01
asahi-shimbun,registered,2026-06-26 00:05
nikkei,registered,2026-06-26 00:10
yomiuri-group,registered,2026-06-26 00:14
septeni-hd,registered,2026-06-26 00:18
pia,registered,2026-06-26 00:22
google-japan,registered,2026-06-26 00:27
amazon-japan,registered,2026-06-26 00:32
microsoft-japan,registered,2026-06-26 00:36
salesforce-japan,registered,2026-06-26 00:41
oracle-japan,registered,2026-06-26 00:45
ibm-japan,registered,2026-06-26 00:49
sap-japan,registered,2026-06-26 00:53
pg-japan,registered,2026-06-26 00:58
loreal-japan,registered,2026-06-26 01:02
unilever-japan,registered,2026-06-26 01:06
nestle-japan,registered,2026-06-26 01:10
persol-hd,registered,2026-06-26 01:15
pasona-group,registered,2026-06-26 01:19
benesse-hd,registered,2026-06-26 01:24
gakken-hd,registered,2026-06-26 01:28
nagase-toshin,registered,2026-06-26 01:32
rapidus,registered,2026-06-26 01:36
toyota-motor,registered,2026-06-28 21:57
honda,registered,2026-06-28 22:01
nissan,lint error 1→登録ブロック,2026-06-28 22:06
suzuki,registered,2026-06-28 22:11
subaru,registered,2026-06-28 22:16
mazda,registered,2026-06-28 22:21
mitsubishi-motors,registered,2026-06-28 22:26
isuzu,registered,2026-06-28 22:30
aisin,registered,2026-06-28 22:35
denso,registered,2026-06-28 22:39
toyota-shokki,registered,2026-06-28 22:44
sony-group,registered,2026-06-28 22:49
sumitomo-corp,registered-v3,2026-07-16 14:45
keyence,registered-v3,2026-07-16 14:45
nomura,registered-v3,2026-07-16 14:45
accenture,registered-v3,2026-07-16 14:45
euglena,registered-v3,2026-07-16 14:45
tokyo-gas,registered-v3,2026-07-16 14:45
dentsu,registered-v3,2026-07-16 14:45
fast-retailing,registered-v3,2026-07-16 14:45
base-food,registered-v3,2026-07-16 14:51
amazon-japan,lint error 1→登録ブロック,2026-07-16 14:52
astroscale-hd,registered-v3,2026-07-16 14:52
benesse-hd,registered-v3,2026-07-16 14:56
bitflyer,registered-v3,2026-07-16 15:52
gakken-hd,registered-v3,2026-07-16 15:52
google-japan,registered-v3,2026-07-16 15:52
ibm-japan,registered-v3,2026-07-16 15:52
ispace,registered-v3,2026-07-16 15:52
jasm,registered-v3,2026-07-16 15:52
jmdc,registered-v3,2026-07-16 15:52
loreal-japan,registered-v3,2026-07-16 15:52
m3,registered-v3,2026-07-16 15:52
medley,registered-v3,2026-07-16 15:52
microsoft-japan,registered-v3,2026-07-16 15:52
nagase-toshin,registered-v3,2026-07-16 15:52
nestle-japan,registered-v3,2026-07-16 15:52
openai-japan,registered-v3,2026-07-16 15:52
oracle-japan,registered-v3,2026-07-16 15:52
pasona-group,registered-v3,2026-07-16 15:52
persol-hd,registered-v3,2026-07-16 15:52
pg-japan,registered-v3,2026-07-16 15:52
rapidus,registered-v3,2026-07-16 15:52
salesforce-japan,registered-v3,2026-07-16 15:52
sap-japan,registered-v3,2026-07-16 15:52
spiber,registered-v3,2026-07-16 15:52
tbm,registered-v3,2026-07-16 15:52
unilever-japan,registered-v3,2026-07-16 15:52
amazon-japan,registered-v3,2026-07-16 15:59
socionext,registered-v3,2026-07-16 15:59
alfresa,registered-v3,2026-07-16 16:07
daiichi-jitsugyo,registered-v3,2026-07-16 16:07
chori,registered-v3,2026-07-16 16:08
hanwa,registered-v3,2026-07-16 16:11
inaba-denki,registered-v3,2026-07-16 16:12
inabata,registered-v3,2026-07-16 16:12
itochu-shokuhin,registered-v3,2026-07-16 16:16
kaga-electronics,registered-v3,2026-07-16 16:16
jfe-shoji,registered-v3,2026-07-16 16:17
kato-sangyo,registered-v3,2026-07-16 16:20
kokubu,registered-v3,2026-07-16 16:21
lester-hd,registered-v3,2026-07-16 16:21
medipal,registered-v3,2026-07-16 16:25
macnica-hd,registered-v3,2026-07-16 16:26
metal-one,registered-v3,2026-07-16 16:26
mitsubishi-shokuhin,registered-v3,2026-07-16 16:30
nagase,registered-v3,2026-07-16 16:30
seika-sangyo,registered-v3,2026-07-16 16:30
suzuken,registered-v3,2026-07-16 16:34
toho-hd,registered-v3,2026-07-16 16:35
astroscale-hd,registered-v3,2026-07-16 16:42
spiber,registered-v3,2026-07-16 16:42
ispace,registered-v3,2026-07-16 16:42
biccamera,registered-v3,2026-07-16 16:44
adastria,registered-v3,2026-07-16 16:44
aeon,registered-v3,2026-07-16 16:44
nagase-toshin,registered-v3,2026-07-16 16:46
benesse-hd,registered-v3,2026-07-16 16:46
gakken-hd,registered-v3,2026-07-16 16:47
cosmos-pharma,lint error 1→登録ブロック,2026-07-16 16:48
cainz,registered-v3,2026-07-16 16:48
dcm-hd,registered-v3,2026-07-16 16:48
persol-hd,registered-v3,2026-07-16 16:50
pasona-group,registered-v3,2026-07-16 16:50
familymart,registered-v3,2026-07-16 16:52
h2o-retailing,registered-v3,2026-07-16 16:52
isetan-mitsukoshi,registered-v3,2026-07-16 16:53
amazon-japan,registered-v3,2026-07-16 16:55
ibm-japan,registered-v3,2026-07-16 16:56
google-japan,registered-v3,2026-07-16 16:56
j-front,registered-v3,2026-07-16 16:57
komeri,registered-v3,2026-07-16 16:57
lawson,registered-v3,2026-07-16 16:58
openai-japan,registered-v3,2026-07-16 17:01
microsoft-japan,registered-v3,2026-07-16 17:01
oracle-japan,registered-v3,2026-07-16 17:01
matsukiyococokara,lint error 1→登録ブロック,2026-07-16 17:01
life-corp,registered-v3,2026-07-16 17:02
nitori-hd,registered-v3,2026-07-16 17:03
salesforce-japan,registered-v3,2026-07-16 17:06
sap-japan,registered-v3,2026-07-16 17:06
ppih,registered-v3,2026-07-16 17:06
ryohin-keikaku,lint error 1→登録ブロック,2026-07-16 17:06
seven-and-i,registered-v3,2026-07-16 17:07
shimamura,registered-v3,2026-07-16 17:11
sugi-hd,registered-v3,2026-07-16 17:11
m3,registered-v3,2026-07-16 17:11
medley,lint error 1→登録ブロック,2026-07-16 17:11
jmdc,registered-v3,2026-07-16 17:11
sundrug,registered-v3,2026-07-16 17:12
tsuruha-hd,registered-v3,2026-07-16 17:15
takashimaya,registered-v3,2026-07-16 17:16
welcia-hd,registered-v3,2026-07-16 17:16
nestle-japan,registered-v3,2026-07-16 17:16
workman,registered-v3,2026-07-16 17:20
yamada-hd,registered-v3,2026-07-16 17:20
yaoko,registered-v3,2026-07-16 17:21
loreal-japan,registered-v3,2026-07-16 17:22
jasm,registered-v3,2026-07-16 17:22
pg-japan,registered-v3,2026-07-16 17:23
yodobashi,registered-v3,2026-07-16 17:25
zozo,registered-v3,2026-07-16 17:25
rapidus,registered-v3,2026-07-16 17:28
socionext,registered-v3,2026-07-16 17:29
unilever-japan,registered-v3,2026-07-16 17:29
asahi-shimbun,lint error 1→登録ブロック,2026-07-16 17:34
amuse,registered-v3,2026-07-16 17:34
adk-hd,registered-v3,2026-07-16 17:34
avex,registered-v3,2026-07-16 17:38
fuji-media-hd,registered-v3,2026-07-16 17:39
bungeishunju,registered-v3,2026-07-16 17:39
hakuhodo-dy,registered-v3,2026-07-16 17:43
kadokawa,registered-v3,2026-07-16 17:44
kodansha,registered-v3,2026-07-16 17:44
nikkei,lint error 1→登録ブロック,2026-07-16 17:48
oriental-land,registered-v3,2026-07-16 17:48
ntv-hd,registered-v3,2026-07-16 17:50
pia,registered-v3,2026-07-16 17:52
round-one,registered-v3,2026-07-16 17:52
sanrio,registered-v3,2026-07-16 17:55
shochiku,registered-v3,2026-07-16 17:57
septeni-hd,registered-v3,2026-07-16 17:57
shogakukan,registered-v3,2026-07-16 18:00
shueisha,lint error 1→登録ブロック,2026-07-16 18:02
skyperfectjsat-hd,registered-v3,2026-07-16 18:02
tbs-hd,registered-v3,2026-07-16 18:04
toho,registered-v3,2026-07-16 18:06
tv-asahi-hd,registered-v3,2026-07-16 18:08
toei,registered-v3,2026-07-16 18:10
tv-tokyo-hd,registered-v3,2026-07-16 18:11
usj,lint error 1→登録ブロック,2026-07-16 18:12
wowow,registered-v3,2026-07-16 18:14
yomiuri-group,registered-v3,2026-07-16 18:16
yoshimoto-hd,registered-v3,2026-07-16 18:17
abeja,registered-v3,2026-07-16 18:28
appier,registered-v3,2026-07-16 18:28
bandai-namco,registered-v3,2026-07-16 18:28
capcom,registered-v3,2026-07-16 18:32
brainpad,registered-v3,2026-07-16 18:33
biprogy,registered-v3,2026-07-16 18:33
cyberagent,registered-v3,2026-07-16 18:37
dena,registered-v3,2026-07-16 18:38
ctc,registered-v3,2026-07-16 18:39
elyza,registered-v3,2026-07-16 18:43
fronteo,registered-v3,2026-07-16 18:43
freee,registered-v3,2026-07-16 18:44
fujitsu,lint error 1→登録ブロック,2026-07-16 18:48
gree,registered-v3,2026-07-16 18:49
gmo,registered-v3,2026-07-16 18:49
kaonavi,registered-v3,2026-07-16 18:53
kddi,registered-v3,2026-07-16 18:54
konami,registered-v3,2026-07-16 18:54
kubell,registered-v3,2026-07-16 18:58
line-yahoo,registered-v3,2026-07-16 19:00
layerx,registered-v3,2026-07-16 19:00
mercari,registered-v3,2026-07-16 19:03
moneyforward,registered-v3,2026-07-16 19:05
mixi,registered-v3,2026-07-16 19:05
nec,registered-v3,2026-07-16 19:09
nintendo,registered-v3,2026-07-16 19:10
ns-solutions,registered-v3,2026-07-16 19:10
ntt,registered-v3,2026-07-16 19:14
ntt-data,registered-v3,2026-07-16 19:15
ntt-docomo,registered-v3,2026-07-16 19:15
otsuka-shokai,registered-v3,2026-07-16 19:19
pksha,registered-v3,2026-07-16 19:20
plaid,registered-v3,2026-07-16 19:21
pref-networks,registered-v3,2026-07-16 19:24
rakus,registered-v3,2026-07-16 19:25
rakuten-group,registered-v3,2026-07-16 19:26
medley,registered-v3,2026-07-16 19:28
recruit-hd,registered-v3,2026-07-16 19:30
sakana-ai,registered-v3,2026-07-16 19:30
sansan,registered-v3,2026-07-16 19:31
scsk,registered-v3,2026-07-16 19:35
sega-sammy,registered-v3,2026-07-16 19:36
shift,registered-v3,2026-07-16 19:36
sky,registered-v3,2026-07-16 19:41
softbank,registered-v3,2026-07-16 19:41
smarthr,registered-v3,2026-07-16 19:41
turing,registered-v3,2026-07-16 19:46
tis,registered-v3,2026-07-16 19:46
square-enix,registered-v3,2026-07-16 19:46
uzabase,registered-v3,2026-07-16 19:51
visional,registered-v3,2026-07-16 19:52
chubu-electric,registered-v3,2026-07-16 20:00
chugoku-electric,registered-v3,2026-07-16 20:00
chiyoda,registered-v3,2026-07-16 20:00
cosmo-energy,registered-v3,2026-07-16 20:04
eneos,registered-v3,2026-07-16 20:04
erex,registered-v3,2026-07-16 20:05
hokkaido-electric,registered-v3,2026-07-16 20:08
hokkaido-gas,registered-v3,2026-07-16 20:09
hokuriku-electric,registered-v3,2026-07-16 20:09
idemitsu,registered-v3,2026-07-16 20:13
inpex,registered-v3,2026-07-16 20:13
j-power,registered-v3,2026-07-16 20:14
japex,registered-v3,2026-07-16 20:18
jera,registered-v3,2026-07-16 20:18
jgc-hd,registered-v3,2026-07-16 20:18
kepco,registered-v3,2026-07-16 20:22
kurita,registered-v3,2026-07-16 20:22
kyushu-electric,registered-v3,2026-07-16 20:23
okinawa-electric,registered-v3,2026-07-16 20:27
osaka-gas,registered-v3,2026-07-16 20:27
metawater,registered-v3,2026-07-16 20:29
renova,registered-v3,2026-07-16 20:32
saibu-gas,registered-v3,2026-07-16 20:32
shikoku-electric,registered-v3,2026-07-16 20:34
shizuoka-gas,registered-v3,2026-07-16 20:37
tepco,registered-v3,2026-07-16 20:37
toho-gas,registered-v3,2026-07-16 20:38
tohoku-electric,registered-v3,2026-07-16 20:41
west-hd,registered-v3,2026-07-16 20:42
bain,registered-v3,2026-07-16 20:51
adl,registered-v3,2026-07-16 20:51
abeam,registered-v3,2026-07-16 20:51
bcg,registered-v3,2026-07-16 20:56
baycurrent,registered-v3,2026-07-16 20:57
cdi,registered-v3,2026-07-16 20:57
dream-incubator,registered-v3,2026-07-16 21:02
ey,registered-v3,2026-07-16 21:02
deloitte,registered-v3,2026-07-16 21:02
ibm-consulting,registered-v3,2026-07-16 21:07
jri,lint error 1→登録ブロック,2026-07-16 21:07
kpmg,registered-v3,2026-07-16 21:07
mckinsey,registered-v3,2026-07-16 21:12
mri,registered-v3,2026-07-16 21:12
murc,registered-v3,2026-07-16 21:13
nri,registered-v3,2026-07-16 21:18
pwc,registered-v3,2026-07-16 21:18
roland-berger,registered-v3,2026-07-16 21:18
strategy-and,registered-v3,2026-07-16 21:23
chugai,registered-v3,2026-07-16 21:31
astellas,registered-v3,2026-07-16 21:32
daiichi-sankyo,registered-v3,2026-07-16 21:32
eisai,registered-v3,2026-07-16 21:37
otsuka-hd,registered-v3,2026-07-16 21:37
shionogi,registered-v3,2026-07-16 21:37
takeda,lint error 1→登録ブロック,2026-07-16 21:41
iwatani,registered-v3,2026-07-16 21:50
kanematsu,registered-v3,2026-07-16 21:50
itochu,registered-v3,2026-07-16 21:50
marubeni,registered-v3,2026-07-16 21:55
shinkokusyoji,registered-v3,2026-07-16 21:55
mitsubishi-corp,registered-v3,2026-07-16 21:56
sojitz,registered-v3,2026-07-16 21:59
toyota-tsusho,registered-v3,2026-07-16 22:00
hankyu-hanshin-hd,registered-v3,2026-07-16 22:09
ana-hd,registered-v3,2026-07-16 22:09
jal,registered-v3,2026-07-16 22:09
jr-central,registered-v3,2026-07-16 22:14
jr-east,D1失敗:⚠️  Warning: Unsupported macOS version detected (13.3.0). The Cloudflare Workers runtime may not work correctly on macOS versions below 13.5.0. Consid,2026-07-16 22:16
jr-west,registered-v3,2026-07-17 06:40
k-line,registered-v3,2026-07-17 06:44
keikyu,registered-v3,2026-07-17 06:44
kintetsu-group-hd,registered-v3,2026-07-17 06:45
meitetsu,registered-v3,2026-07-17 06:49
mol,registered-v3,2026-07-17 06:50
nippon-express-hd,registered-v3,2026-07-17 06:50
nyk,registered-v3,2026-07-17 06:54
odakyu,lint error 1→登録ブロック,2026-07-17 06:55
seibu-hd,registered-v3,2026-07-17 06:55
seino-hd,registered-v3,2026-07-17 06:59
sg-hd,registered-v3,2026-07-17 07:00
tobu,registered-v3,2026-07-17 07:01
tokyu,registered-v3,2026-07-17 07:04
yamato-hd,registered-v3,2026-07-17 07:05
ajinomoto,registered-v3,2026-07-17 07:14
asahi-group,registered-v3,2026-07-17 07:14
calbee,registered-v3,2026-07-17 07:14
ezaki-glico,registered-v3,2026-07-17 07:19
fuji-oil-hd,registered-v3,2026-07-17 07:19
house-foods,registered-v3,2026-07-17 07:20
itoen,registered-v3,2026-07-17 07:24
kagome,registered-v3,2026-07-17 07:24
kewpie,registered-v3,2026-07-17 07:25
kikkoman,registered-v3,2026-07-17 07:30
kirin-hd,registered-v3,2026-07-17 07:30
lotte,registered-v3,2026-07-17 07:30
meiji-hd,registered-v3,2026-07-17 07:35
morinaga-milk,registered-v3,2026-07-17 07:35
morinaga-seika,registered-v3,2026-07-17 07:35
nipponham,registered-v3,2026-07-17 07:40
nichirei,registered-v3,2026-07-17 07:40
nissin-hd,registered-v3,2026-07-17 07:40
sapporo-hd,registered-v3,2026-07-17 07:45
suntory,registered-v3,2026-07-17 07:45
yakult,registered-v3,2026-07-17 07:46
yukijirushi-megmilk,registered-v3,2026-07-17 07:50
yamazaki-pan,registered-v3,2026-07-17 07:50
daito-kentaku,registered-v3,2026-07-17 08:00
ando-hazama,registered-v3,2026-07-17 08:00
daiwa-house,registered-v3,2026-07-17 08:00
haseko,registered-v3,2026-07-17 08:05
hulic,registered-v3,2026-07-17 08:06
iida-group-hd,registered-v3,2026-07-17 08:06
infroneer-hd,registered-v3,2026-07-17 08:11
kandenko,registered-v3,2026-07-17 08:12
kajima,registered-v3,2026-07-17 08:12
kinden,registered-v3,2026-07-17 08:17
mitsubishi-estate,lint error 1→登録ブロック,2026-07-17 08:17
kumagai-gumi,registered-v3,2026-07-17 08:17
mitsui-fudosan,registered-v3,2026-07-17 08:23
mori-building,registered-v3,2026-07-17 08:23
nishimatsu,registered-v3,2026-07-17 08:23
obayashi,lint error 1→登録ブロック,2026-07-17 08:28
nomura-fudosan-hd,registered-v3,2026-07-17 08:28
open-house-group,registered-v3,2026-07-17 08:29
penta-ocean,registered-v3,2026-07-17 08:34
sekisui-house,registered-v3,2026-07-17 08:34
shimizu,registered-v3,2026-07-17 08:35
sumitomo-fudosan,registered-v3,2026-07-17 08:40
sumitomo-forestry,registered-v3,2026-07-17 08:40
taiki-sha,lint error 1→登録ブロック,2026-07-17 08:40
taisei,registered-v3,2026-07-17 08:45
takasago-thermal,registered-v3,2026-07-17 08:46
takenaka,registered-v3,2026-07-17 08:46
toda,registered-v3,2026-07-17 08:51
tokyo-tatemono,registered-v3,2026-07-17 08:51
tokyu-fudosan-hd,registered-v3,2026-07-17 08:52
agc,registered-v3,2026-07-17 09:03
advantest,registered-v3,2026-07-17 09:03
aisin,registered-v3,2026-07-17 09:05
asahi-kasei,lint error 1→登録ブロック,2026-07-17 09:09
bridgestone,registered-v3,2026-07-17 09:09
canon,lint error 1→登録ブロック,2026-07-17 09:43
daikin,registered-v3,2026-07-17 09:46
denso,registered-v3,2026-07-17 09:47
fanuc,registered-v3,2026-07-17 09:49
fujifilm-hd,registered-v3,2026-07-17 09:53
hitachi,registered-v3,2026-07-17 09:54
honda,registered-v3,2026-07-17 09:56
hoya,registered-v3,2026-07-17 09:59
ihi,registered-v3,2026-07-17 10:01
isuzu,registered-v3,2026-07-17 10:02
jfe-hd,registered-v3,2026-07-17 10:05
kao,registered-v3,2026-07-17 10:08
kawasaki-heavy,registered-v3,2026-07-17 10:09
kobayashi-pharma,registered-v3,2026-07-17 10:12
kobe-steel,registered-v3,2026-07-17 10:14
komatsu,registered-v3,2026-07-17 10:15
kose,registered-v3,2026-07-17 10:18
kubota,registered-v3,2026-07-17 10:20
kyocera,registered-v3,2026-07-17 10:21
lion,registered-v3,2026-07-17 10:24
mazda,registered-v3,2026-07-17 10:27
mitsubishi-chemical,registered-v3,2026-07-17 10:27
mitsubishi-electric,registered-v3,2026-07-17 10:30
mitsubishi-materials,registered-v3,2026-07-17 10:34
mitsubishi-heavy,registered-v3,2026-07-17 10:34
mitsubishi-motors,registered-v3,2026-07-17 10:37
murata,registered-v3,2026-07-17 10:40
mitsui-chemical,registered-v3,2026-07-17 10:40
nidec,registered-v3,2026-07-17 10:43
nikon,registered-v3,2026-07-17 10:46
nippon-steel,registered-v3,2026-07-17 10:47
nissan,registered-v3,2026-07-17 10:50
omron,registered-v3,2026-07-17 10:52
panasonic-hd,registered-v3,2026-07-17 10:54
pola-orbis-hd,registered-v3,2026-07-17 10:56
renesas,registered-v3,2026-07-17 10:59
ricoh,registered-v3,2026-07-17 11:00
seiko-epson,registered-v3,2026-07-17 11:02
shimadzu,registered-v3,2026-07-17 11:06
shinetsu-chemical,registered-v3,2026-07-17 11:06
shiseido,registered-v3,2026-07-17 11:09
sony-group,registered-v3,2026-07-17 11:13
subaru,registered-v3,2026-07-17 11:13
sumitomo-chemical,D1失敗:⚠️  Warning: Unsupported macOS version detected (13.3.0). The Cloudflare Workers runtime may not work correctly on macOS versions below 13.5.0. Consid,2026-07-17 12:15
sumitomo-electric,registered-v3,2026-07-17 12:18
sumitomo-metal-mining,registered-v3,2026-07-17 12:19
suzuki,registered-v3,2026-07-17 12:22
tdk,registered-v3,2026-07-17 12:25
tokyo-electron,registered-v3,2026-07-17 12:25
toray,registered-v3,2026-07-17 12:29
toyota-shokki,registered-v3,2026-07-17 12:31
toyota-motor,registered-v3,2026-07-17 12:31
unicharm,registered-v3,2026-07-17 12:36
yaskawa,registered-v3,2026-07-17 12:37
chibagin,registered-v3,2026-07-17 12:48
acom,registered-v3,2026-07-17 12:49
aioi-nissay,registered-v3,2026-07-17 12:49
credit-saison,registered-v3,2026-07-17 12:54
daiwa,registered-v3,2026-07-17 12:55
daiichi-life,registered-v3,2026-07-17 12:56
dbj,registered-v3,2026-07-17 13:00
hamagin,registered-v3,2026-07-17 13:02
jbic,registered-v3,2026-07-17 13:02
jpx,lint error 1→登録ブロック,2026-07-17 13:06
kampo,registered-v3,2026-07-17 13:08
meiji-yasuda,registered-v3,2026-07-17 13:08
mitsubishi-hc,lint error 1→登録ブロック,2026-07-17 13:13
mizuho-fg,registered-v3,2026-07-17 13:14
mizuho-sec,registered-v3,2026-07-17 13:15
ms-ad,lint error 1→登録ブロック,2026-07-17 13:19
mufg,registered-v3,2026-07-17 13:21
mufg-ms,registered-v3,2026-07-17 13:22
mufg-trust,registered-v3,2026-07-17 14:47
nippon-life,registered-v3,2026-07-17 14:49
norinchukin,registered-v3,2026-07-17 14:50
orico,registered-v3,2026-07-17 14:53
orix,registered-v3,2026-07-17 14:58
paypay-bank,registered-v3,2026-07-17 14:59
rakuten-bank,registered-v3,2026-07-17 15:02
resona,registered-v3,2026-07-17 15:05
sbi-sec,registered-v3,2026-07-17 15:05
shizuokagin,registered-v3,2026-07-17 15:09
shoko-chukin,registered-v3,2026-07-17 15:11
smbc-bank,registered-v3,2026-07-17 15:12
smbc-nikko,registered-v3,2026-07-17 15:15
smtb,registered-v3,2026-07-17 15:17
sompo,registered-v3,2026-07-17 15:18
sumishin-sbi-net,registered-v3,2026-07-17 15:21
sumitomo-life,registered-v3,2026-07-17 15:24
taiyo-life,registered-v3,2026-07-17 15:25
tokio-marine,registered-v3,2026-07-17 15:28
tokyo-century,registered-v3,2026-07-17 15:30
yucho,registered-v3,2026-07-17 15:31
cosmos-pharma,registered-v3,2026-07-18 11:47
matsukiyococokara,registered-v3,2026-07-18 11:47
ryohin-keikaku,registered-v3,2026-07-18 11:48
nikkei,registered-v3,2026-07-18 11:56
shueisha,registered-v3,2026-07-18 11:56
asahi-shimbun,registered-v3,2026-07-18 11:56
usj,registered-v3,2026-07-18 12:01
fujitsu,registered-v3,2026-07-18 12:09
jri,registered-v3,2026-07-18 12:17
takeda,registered-v3,2026-07-18 12:26
odakyu,registered-v3,2026-07-18 12:35
jr-east,registered-v3,2026-07-18 12:35
obayashi,registered-v3,2026-07-18 12:44
mitsubishi-estate,registered-v3,2026-07-18 12:44
taiki-sha,registered-v3,2026-07-18 12:44
canon,lint error 1→登録ブロック,2026-07-18 12:54
sumitomo-chemical,registered-v3,2026-07-18 12:54
asahi-kasei,registered-v3,2026-07-18 12:58
mitsubishi-hc,registered-v3,2026-07-18 13:08
jpx,registered-v3,2026-07-18 13:08
